id	name	formula	rt	smiles.std	inchi.std	inchikey.std	classyfire.kingdom	classyfire.superclass	classyfire.class	classyfire.subclass	classyfire.level5	classyfire.level6	comment
draft_22951_00028		C6H13N3O3	1.7094999999999998	C(C[C@@H](C(=O)O)N)CNC(=O)N	InChI=1S/C6H13N3O3/c7-4(5(10)11)2-1-3-9-6(8)12/h4H,1-3,7H2,(H,10,11)(H3,8,9,12)/t4-/m0/s1	RHGKLRLOHDJJDR-BYPYZUCNSA-N	Organic compounds (CHEMONTID:0000000)	Organic acids and derivatives (CHEMONTID:0000264)	Carboxylic acids and derivatives (CHEMONTID:0000265)	Amino acids, peptides, and analogues (CHEMONTID:0000013)	Amino acids and derivatives (CHEMONTID:0000347)	Alpha amino acids and derivatives (CHEMONTID:0000060)	
draft_22951_00029		C11H16N2O8P	1.777	C1=CC(=C[N+](=C1)[C@H]2[C@@H]([C@@H]([C@H](O2)COP(=O)(O)O)O)O)C(=O)N	InChI=1S/C11H15N2O8P/c12-10(16)6-2-1-3-13(4-6)11-9(15)8(14)7(21-11)5-20-22(17,18)19/h1-4,7-9,11,14-15H,5H2,(H3-,12,16,17,18,19)/p+1/t7-,8-,9-,11-/m1/s1	DAYLJWODMCOQEW-TURQNECASA-O	Organic compounds (CHEMONTID:0000000)	Nucleosides, nucleotides, and analogues (CHEMONTID:0000289)	Pyridine nucleotides (CHEMONTID:0001297)	Nicotinamide nucleotides (CHEMONTID:0001268)	NA (NA)	NA (NA)	
draft_22951_00032		C4H10N4O4	1.944	[C@H]([C@@H](C(=O)NN)O)(C(=O)NN)O	InChI=1S/C4H10N4O4/c5-7-3(11)1(9)2(10)4(12)8-6/h1-2,9-10H,5-6H2,(H,7,11)(H,8,12)/t1-,2-/m0/s1	MDJZGXRFYKPSIM-LWMBPPNESA-N	Organic compounds (CHEMONTID:0000000)	Organic oxygen compounds (CHEMONTID:0004603)	Organooxygen compounds (CHEMONTID:0000323)	Carbohydrates and carbohydrate conjugates (CHEMONTID:0000011)	Monosaccharides (CHEMONTID:0001540)	NA (NA)	
draft_22951_00056		C6H13NO5	2.766	C([C@H]([C@H]([C@@H]([C@H](C=O)N)O)O)O)O	InChI=1S/C6H13NO5/c7-3(1-8)5(11)6(12)4(10)2-9/h1,3-6,9-12H,2,7H2/t3-,4+,5+,6+/m0/s1	FZHXIRIBWMQPQF-SLPGGIOYSA-N	Organic compounds (CHEMONTID:0000000)	Organic oxygen compounds (CHEMONTID:0004603)	Organooxygen compounds (CHEMONTID:0000323)	Carbohydrates and carbohydrate conjugates (CHEMONTID:0000011)	Monosaccharides (CHEMONTID:0001540)	Hexoses (CHEMONTID:0001498)	
draft_22951_00062		C5H11NO2	2.859	CC(C)[C@H](C(=O)O)N	InChI=1S/C5H11NO2/c1-3(2)4(6)5(7)8/h3-4H,6H2,1-2H3,(H,7,8)/t4-/m1/s1	KZSNJWFQEVHDMF-SCSAIBSYSA-N	Organic compounds (CHEMONTID:0000000)	Organic acids and derivatives (CHEMONTID:0000264)	Carboxylic acids and derivatives (CHEMONTID:0000265)	Amino acids, peptides, and analogues (CHEMONTID:0000013)	Amino acids and derivatives (CHEMONTID:0000347)	Alpha amino acids and derivatives (CHEMONTID:0000060)	
draft_22951_00063		C4H9NO2	2.896	C[C@@H](C(=O)N)OC	InChI=1S/C4H9NO2/c1-3(7-2)4(5)6/h3H,1-2H3,(H2,5,6)/t3-/m0/s1	WOGXHNJBKGZMHV-VKHMYHEASA-N	Organic compounds (CHEMONTID:0000000)	Organic acids and derivatives (CHEMONTID:0000264)	Carboxylic acids and derivatives (CHEMONTID:0000265)	Carboxylic acid derivatives (CHEMONTID:0001093)	Carboxylic acid amides (CHEMONTID:0000475)	Primary carboxylic acid amides (CHEMONTID:0001662)	
draft_22951_00070		C4H7NO2	3.1075	C1COC(=O)[C@H]1N	InChI=1S/C4H7NO2/c5-3-1-2-7-4(3)6/h3H,1-2,5H2/t3-/m0/s1	QJPWUUJVYOJNMH-VKHMYHEASA-N	Organic compounds (CHEMONTID:0000000)	Organic acids and derivatives (CHEMONTID:0000264)	Carboxylic acids and derivatives (CHEMONTID:0000265)	Amino acids, peptides, and analogues (CHEMONTID:0000013)	Amino acids and derivatives (CHEMONTID:0000347)	Alpha amino acids and derivatives (CHEMONTID:0000060)	
draft_22951_00155		C5H11N	5.962000000000001	C[C@@H]1CCCN1	InChI=1S/C5H11N/c1-5-3-2-4-6-5/h5-6H,2-4H2,1H3/t5-/m1/s1	RGHPCLZJAFCTIK-RXMQYKEDSA-N	Organic compounds (CHEMONTID:0000000)	Organoheterocyclic compounds (CHEMONTID:0000002)	Pyrrolidines (CHEMONTID:0000218)	NA (NA)	NA (NA)	NA (NA)	
draft_22951_00158		C5H9NO	5.981	CN(C)/C=C/C=O	InChI=1S/C5H9NO/c1-6(2)4-3-5-7/h3-5H,1-2H3/b4-3+	RRLMPLDPCKRASL-ONEGZZNKSA-N	Organic compounds (CHEMONTID:0000000)	Organic oxygen compounds (CHEMONTID:0004603)	Organooxygen compounds (CHEMONTID:0000323)	Carbonyl compounds (CHEMONTID:0001831)	Alpha,beta-unsaturated carbonyl compounds (CHEMONTID:0003131)	Alpha,beta-unsaturated aldehydes (CHEMONTID:0002433)	
draft_22951_00204		C12H22NO	6.386	C[N+]12CCC(CC1)[C@@H]3[C@H]2CC[C@@H](C3)O	InChI=1S/C12H22NO/c1-13-6-4-9(5-7-13)11-8-10(14)2-3-12(11)13/h9-12,14H,2-8H2,1H3/q+1/t9?,10-,11+,12+,13?/m0/s1	IHNCXGJYZVYTBQ-CEPARRHRSA-N	Organic compounds (CHEMONTID:0000000)	Organoheterocyclic compounds (CHEMONTID:0000002)	Quinolidines (CHEMONTID:0003787)	NA (NA)	NA (NA)	NA (NA)	
draft_22951_00207		C7H10N2O5	6.415	CC(=O)N1[C@@H]([C@@H](N(C1=O)C(=O)C)O)O	InChI=1S/C7H10N2O5/c1-3(10)8-5(12)6(13)9(4(2)11)7(8)14/h5-6,12-13H,1-2H3/t5-,6+	WNAHKWXAFJUDOZ-OLQVQODUSA-N	Organic compounds (CHEMONTID:0000000)	Organic acids and derivatives (CHEMONTID:0000264)	Organic carbonic acids and derivatives (CHEMONTID:0000364)	Ureas (CHEMONTID:0000517)	Ureides (CHEMONTID:0002022)	N-acyl ureas (CHEMONTID:0002023)	
draft_22951_00216		C6H13NO2	6.476	CCO[C@@H]1COC[C@H]1N	InChI=1S/C6H13NO2/c1-2-9-6-4-8-3-5(6)7/h5-6H,2-4,7H2,1H3/t5-,6-/m1/s1	DHKFYFFNUUVCHK-PHDIDXHHSA-N							
draft_22951_00247		C12H15NO2	6.598	C1C[C@H](N(C1)CC2=CC=CC=C2)C(=O)O	InChI=1S/C12H15NO2/c14-12(15)11-7-4-8-13(11)9-10-5-2-1-3-6-10/h1-3,5-6,11H,4,7-9H2,(H,14,15)/t11-/m0/s1	XNROFTAJEGCDCT-NSHDSACASA-N	Organic compounds (CHEMONTID:0000000)	Organic acids and derivatives (CHEMONTID:0000264)	Carboxylic acids and derivatives (CHEMONTID:0000265)	Amino acids, peptides, and analogues (CHEMONTID:0000013)	Amino acids and derivatives (CHEMONTID:0000347)	Alpha amino acids and derivatives (CHEMONTID:0000060)	
draft_22951_00248		C6H14N2	6.604	CN(C)[C@@H]1CCNC1	InChI=1S/C6H14N2/c1-8(2)6-3-4-7-5-6/h6-7H,3-5H2,1-2H3/t6-/m1/s1	AVAWMINJNRAQFS-ZCFIWIBFSA-N	Organic compounds (CHEMONTID:0000000)	Organoheterocyclic compounds (CHEMONTID:0000002)	Pyrrolidines (CHEMONTID:0000218)	NA (NA)	NA (NA)	NA (NA)	
draft_22951_00253		C6H14N2	6.624	C[C@@H]1CN[C@H](CN1)C	InChI=1S/C6H14N2/c1-5-3-8-6(2)4-7-5/h5-8H,3-4H2,1-2H3/t5-,6+	NSMWYRLQHIXVAP-OLQVQODUSA-N	Organic compounds (CHEMONTID:0000000)	Organoheterocyclic compounds (CHEMONTID:0000002)	Diazinanes (CHEMONTID:0002389)	Piperazines (CHEMONTID:0000189)	NA (NA)	NA (NA)	
draft_22951_00290		C10H19NO	6.8100000000000005	C1CCN2CCC[C@H]([C@H]2C1)CO	InChI=1S/C10H19NO/c12-8-9-4-3-7-11-6-2-1-5-10(9)11/h9-10,12H,1-8H2/t9-,10+/m0/s1	HDVAWXXJVMJBAR-VHSXEESVSA-N	Organic compounds (CHEMONTID:0000000)	Alkaloids and derivatives (CHEMONTID:0000279)	Lupin alkaloids (CHEMONTID:0002719)	Lupinine-type alkaloids (CHEMONTID:0002721)	NA (NA)	NA (NA)	
draft_22951_00314		C10H15N5O2	6.893	CC1=CC(=O)NC(=N1)N=C(N)N2CCOCC2	InChI=1S/C10H15N5O2/c1-7-6-8(16)13-10(12-7)14-9(11)15-2-4-17-5-3-15/h6H,2-5H2,1H3,(H3,11,12,13,14,16)	UASDELDXIBGORG-UHFFFAOYSA-N	Organic compounds (CHEMONTID:0000000)	Organoheterocyclic compounds (CHEMONTID:0000002)	Diazines (CHEMONTID:0001346)	Pyrimidines and pyrimidine derivatives (CHEMONTID:0000075)	Pyrimidones (CHEMONTID:0000291)	NA (NA)	
draft_22951_00356		C8H11NO	7.0225	C1=CC=C(C=C1)[C@H](CO)N	InChI=1S/C8H11NO/c9-8(6-10)7-4-2-1-3-5-7/h1-5,8,10H,6,9H2/t8-/m0/s1	IJXJGQCXFSSHNL-QMMMGPOBSA-N	Organic compounds (CHEMONTID:0000000)	Organic nitrogen compounds (CHEMONTID:0004707)	Organonitrogen compounds (CHEMONTID:0000278)	Amines (CHEMONTID:0002449)	Aralkylamines (CHEMONTID:0003899)	NA (NA)	
draft_22951_00370		C10H11N3O2	7.049	C[C@H]1C(=O)N(C(=O)N1)C2=CC=CC(=C2)N	InChI=1S/C10H11N3O2/c1-6-9(14)13(10(15)12-6)8-4-2-3-7(11)5-8/h2-6H,11H2,1H3,(H,12,15)/t6-/m0/s1	FJNOJYOOGZEWFG-LURJTMIESA-N	Organic compounds (CHEMONTID:0000000)	Organoheterocyclic compounds (CHEMONTID:0000002)	Azolidines (CHEMONTID:0002491)	Imidazolidines (CHEMONTID:0000250)	Imidazolidinones (CHEMONTID:0001149)	Imidazolidinediones (CHEMONTID:0001150)	
draft_22951_00394		C18H15N5	7.124	C1=CN=CC=C1[C@@H]2[C@@H](N=C(N2)C3=CC=NC=C3)C4=CC=NC=C4	InChI=1S/C18H15N5/c1-7-19-8-2-13(1)16-17(14-3-9-20-10-4-14)23-18(22-16)15-5-11-21-12-6-15/h1-12,16-17H,(H,22,23)/t16-,17+	ATGSPSOGIXJNPS-CALCHBBNSA-N	Organic compounds (CHEMONTID:0000000)	Organoheterocyclic compounds (CHEMONTID:0000002)	Pyridines and derivatives (CHEMONTID:0000089)	NA (NA)	NA (NA)	NA (NA)	
draft_22951_00404		C10H13NO2	7.1850000000000005	C[C@@H](C1=CC=C(C=C1)O)NC(=O)C	InChI=1S/C10H13NO2/c1-7(11-8(2)12)9-3-5-10(13)6-4-9/h3-7,13H,1-2H3,(H,11,12)/t7-/m0/s1	AADALJFRTRQZKI-ZETCQYMHSA-N	Organic compounds (CHEMONTID:0000000)	Benzenoids (CHEMONTID:0002448)	Phenols (CHEMONTID:0000134)	1-hydroxy-2-unsubstituted benzenoids (CHEMONTID:0004646)	NA (NA)	NA (NA)	
draft_22951_00411		C9H13NO2	7.2045	CNC[C@@H](C1=CC(=CC=C1)O)O	InChI=1S/C9H13NO2/c1-10-6-9(12)7-3-2-4-8(11)5-7/h2-5,9-12H,6H2,1H3/t9-/m0/s1	SONNWYBIRXJNDC-VIFPVBQESA-N	Organic compounds (CHEMONTID:0000000)	Benzenoids (CHEMONTID:0002448)	Phenols (CHEMONTID:0000134)	1-hydroxy-4-unsubstituted benzenoids (CHEMONTID:0004647)	NA (NA)	NA (NA)	
draft_22951_00462		C9H14N2O2	7.337000000000001	CC[C@H]1C(=C(NC(=O)N1)C)C(=O)C	InChI=1S/C9H14N2O2/c1-4-7-8(6(3)12)5(2)10-9(13)11-7/h7H,4H2,1-3H3,(H2,10,11,13)/t7-/m0/s1	ZUQBXLPXZRXHEW-ZETCQYMHSA-N	Organic compounds (CHEMONTID:0000000)	Organoheterocyclic compounds (CHEMONTID:0000002)	Diazines (CHEMONTID:0001346)	Pyrimidines and pyrimidine derivatives (CHEMONTID:0000075)	Pyrimidones (CHEMONTID:0000291)	NA (NA)	
draft_22951_00463		C15H19N3O4	7.337000000000001	C1C[C@@H](C(=O)NC1)C(=O)N2CCN(CC2)C(=O)C3=CC=CO3	InChI=1S/C15H19N3O4/c19-13-11(3-1-5-16-13)14(20)17-6-8-18(9-7-17)15(21)12-4-2-10-22-12/h2,4,10-11H,1,3,5-9H2,(H,16,19)/t11-/m0/s1	ZRNGMWFHULEGLE-NSHDSACASA-N	Organic compounds (CHEMONTID:0000000)	Organoheterocyclic compounds (CHEMONTID:0000002)	Piperidines (CHEMONTID:0000195)	Piperidinecarboxylic acids and derivatives (CHEMONTID:0001974)	Piperidinecarboxamides (CHEMONTID:0002312)	NA (NA)	
draft_22951_00478		C10H13NO	7.388	C1[C@H](NCC2=CC=CC=C21)CO	InChI=1S/C10H13NO/c12-7-10-5-8-3-1-2-4-9(8)6-11-10/h1-4,10-12H,5-7H2/t10-/m0/s1	ZSKDXMLMMQFHGW-JTQLQIEISA-N	Organic compounds (CHEMONTID:0000000)	Organoheterocyclic compounds (CHEMONTID:0000002)	Tetrahydroisoquinolines (CHEMONTID:0002955)	NA (NA)	NA (NA)	NA (NA)	
draft_22951_00484		C9H17N3OS	7.411	CCNC(=S)N1CCC[C@H](C1)C(=O)N	InChI=1S/C9H17N3OS/c1-2-11-9(14)12-5-3-4-7(6-12)8(10)13/h7H,2-6H2,1H3,(H2,10,13)(H,11,14)/t7-/m1/s1	OLYOCCJOMHSQSM-SSDOTTSWSA-N	Organic compounds (CHEMONTID:0000000)	Organoheterocyclic compounds (CHEMONTID:0000002)	Piperidines (CHEMONTID:0000195)	Piperidinecarboxylic acids and derivatives (CHEMONTID:0001974)	Piperidinecarboxamides (CHEMONTID:0002312)	NA (NA)	
draft_22951_00520		C16H19N3O5S	7.519	CC1([C@@H](N2[C@H](S1)[C@@H](C2=O)NC(=O)[C@@H](C3=CC=C(C=C3)O)N)C(=O)O)C	InChI=1S/C16H19N3O5S/c1-16(2)11(15(23)24)19-13(22)10(14(19)25-16)18-12(21)9(17)7-3-5-8(20)6-4-7/h3-6,9-11,14,20H,17H2,1-2H3,(H,18,21)(H,23,24)/t9-,10-,11+,14-/m1/s1	LSQZJLSUYDQPKJ-NJBDSQKTSA-N	Organic compounds (CHEMONTID:0000000)	Organoheterocyclic compounds (CHEMONTID:0000002)	Lactams (CHEMONTID:0000160)	Beta lactams (CHEMONTID:0000162)	Penams (CHEMONTID:0000172)	Penicillins (CHEMONTID:0000174)	
draft_22951_00549		C9H18NO	7.629	C[C@H]1[C@H]([N+](CCC1=O)(C)C)C	InChI=1S/C9H18NO/c1-7-8(2)10(3,4)6-5-9(7)11/h7-8H,5-6H2,1-4H3/q+1/t7-,8+/m0/s1	BGHHIFRRGZIAOW-JGVFFNPUSA-N	Organic compounds (CHEMONTID:0000000)	Organoheterocyclic compounds (CHEMONTID:0000002)	Piperidines (CHEMONTID:0000195)	Piperidinones (CHEMONTID:0001581)	NA (NA)	NA (NA)	
draft_22951_00560		C10H16N2O3S	7.667	C1[C@H]2[C@@H]([C@@H](S1)CCCCC(=O)O)NC(=O)N2	InChI=1S/C10H16N2O3S/c13-8(14)4-2-1-3-7-9-6(5-16-7)11-10(15)12-9/h6-7,9H,1-5H2,(H,13,14)(H2,11,12,15)/t6-,7-,9-/m0/s1	YBJHBAHKTGYVGT-ZKWXMUAHSA-N	Organic compounds (CHEMONTID:0000000)	Organoheterocyclic compounds (CHEMONTID:0000002)	Biotin and derivatives (CHEMONTID:0000244)	NA (NA)	NA (NA)	NA (NA)	
draft_22951_00585		C8H16N2O3	7.75	CC(C)C[C@@H](C(=O)O)NC(=O)CN	InChI=1S/C8H16N2O3/c1-5(2)3-6(8(12)13)10-7(11)4-9/h5-6H,3-4,9H2,1-2H3,(H,10,11)(H,12,13)/t6-/m0/s1	DKEXFJVMVGETOO-LURJTMIESA-N	Organic compounds (CHEMONTID:0000000)	Organic acids and derivatives (CHEMONTID:0000264)	Carboxylic acids and derivatives (CHEMONTID:0000265)	Amino acids, peptides, and analogues (CHEMONTID:0000013)	Peptides (CHEMONTID:0000348)	NA (NA)	
draft_22951_00590		C8H15NO3	7.753	CC[C@@H](C)[C@@H](C(=O)O)NC(=O)C	InChI=1S/C8H15NO3/c1-4-5(2)7(8(11)12)9-6(3)10/h5,7H,4H2,1-3H3,(H,9,10)(H,11,12)/t5-,7+/m1/s1	JDTWZSUNGHMMJM-VDTYLAMSSA-N	Organic compounds (CHEMONTID:0000000)	Organic acids and derivatives (CHEMONTID:0000264)	Carboxylic acids and derivatives (CHEMONTID:0000265)	Amino acids, peptides, and analogues (CHEMONTID:0000013)	Amino acids and derivatives (CHEMONTID:0000347)	Alpha amino acids and derivatives (CHEMONTID:0000060)	
draft_22951_00604		C16H22N2O3	7.8135	CC[C@H]([C@H](C1=C2C=CC(=O)NC2=C(C=C1)O)O)NC(C)C	InChI=1S/C16H22N2O3/c1-4-12(17-9(2)3)16(21)11-5-7-13(19)15-10(11)6-8-14(20)18-15/h5-9,12,16-17,19,21H,4H2,1-3H3,(H,18,20)/t12-,16+/m1/s1	FKNXQNWAXFXVNW-WBMJQRKESA-N	Organic compounds (CHEMONTID:0000000)	Organoheterocyclic compounds (CHEMONTID:0000002)	Quinolines and derivatives (CHEMONTID:0001253)	Quinolones and derivatives (CHEMONTID:0000056)	Hydroquinolones (CHEMONTID:0001716)	NA (NA)	
draft_22951_00605		C21H39N7O12	7.818	C[C@H]1[C@@]([C@H]([C@@H](O1)O[C@H]2[C@@H]([C@H]([C@@H]([C@H]([C@@H]2O)O)N=C(N)N)O)N=C(N)N)O[C@H]3[C@H]([C@@H]([C@H]([C@@H](O3)CO)O)O)NC)(C=O)O	InChI=1S/C21H39N7O12/c1-5-21(36,4-30)16(40-17-9(26-2)13(34)10(31)6(3-29)38-17)18(37-5)39-15-8(28-20(24)25)11(32)7(27-19(22)23)12(33)14(15)35/h4-18,26,29,31-36H,3H2,1-2H3,(H4,22,23,27)(H4,24,25,28)/t5-,6-,7-,8+,9-,10-,11-,12+,13-,14-,15-,16-,17-,18-,21+/m0/s1	UCSJYZPVAKXKNQ-ZCTIVXDHSA-N	Organic compounds (CHEMONTID:0000000)	Organic oxygen compounds (CHEMONTID:0004603)	Organooxygen compounds (CHEMONTID:0000323)	Carbohydrates and carbohydrate conjugates (CHEMONTID:0000011)	Aminosaccharides (CHEMONTID:0003305)	Aminoglycosides (CHEMONTID:0000282)	
draft_22951_00627		C20H29N3O	7.912999999999999	CC1=CC2=C(C=C1)N([C@@H]3[C@H]2CN(CC3)C)C(=O)CN4CCCCC4	InChI=1S/C20H29N3O/c1-15-6-7-18-16(12-15)17-13-21(2)11-8-19(17)23(18)20(24)14-22-9-4-3-5-10-22/h6-7,12,17,19H,3-5,8-11,13-14H2,1-2H3/t17-,19-/m0/s1	WZCDPAZKCMKDCJ-HKUYNNGSSA-N	Organic compounds (CHEMONTID:0000000)	Organic acids and derivatives (CHEMONTID:0000264)	Carboxylic acids and derivatives (CHEMONTID:0000265)	Amino acids, peptides, and analogues (CHEMONTID:0000013)	Amino acids and derivatives (CHEMONTID:0000347)	Alpha amino acids and derivatives (CHEMONTID:0000060)	
draft_22951_00629		C9H13N	7.919	C[C@@H](C1=CC=CC=C1)NC	InChI=1S/C9H13N/c1-8(10-2)9-6-4-3-5-7-9/h3-8,10H,1-2H3/t8-/m0/s1	RCSSHZGQHHEHPZ-QMMMGPOBSA-N	Organic compounds (CHEMONTID:0000000)	Organic nitrogen compounds (CHEMONTID:0004707)	Organonitrogen compounds (CHEMONTID:0000278)	Amines (CHEMONTID:0002449)	Aralkylamines (CHEMONTID:0003899)	NA (NA)	
draft_22951_00660		C12H17NO	8.043	C[C@H]1CC(NC2=C1C=C(C=C2)O)(C)C	InChI=1S/C12H17NO/c1-8-7-12(2,3)13-11-5-4-9(14)6-10(8)11/h4-6,8,13-14H,7H2,1-3H3/t8-/m0/s1	WYUZAQKIFRPZED-QMMMGPOBSA-N	Organic compounds (CHEMONTID:0000000)	Organoheterocyclic compounds (CHEMONTID:0000002)	Quinolines and derivatives (CHEMONTID:0001253)	Hydroquinolines (CHEMONTID:0001715)	NA (NA)	NA (NA)	
draft_22951_00673		C21H30N3O5	8.086	C1C[C@H](N(C1)C(=O)[C@H](CCCCN)N[C@@H](CCC2=CC=CC=C2)C(=O)O)C(=O)O	InChI=1S/C21H31N3O5/c22-13-5-4-9-16(19(25)24-14-6-10-18(24)21(28)29)23-17(20(26)27)12-11-15-7-2-1-3-8-15/h1-3,7-8,16-18,23H,4-6,9-14,22H2,(H,26,27)(H,28,29)/t16-,17-,18-/m0/s1	RLAWWYSOJDYHDC-BZSNNMDCSA-N	Organic compounds (CHEMONTID:0000000)	Organic acids and derivatives (CHEMONTID:0000264)	Carboxylic acids and derivatives (CHEMONTID:0000265)	Amino acids, peptides, and analogues (CHEMONTID:0000013)	Peptides (CHEMONTID:0000348)	Dipeptides (CHEMONTID:0004830)	
draft_22951_00693		C19H21NO4	8.1685	C=CCN1CC[C@]23[C@@H]4C(=O)CC[C@]2([C@H]1CC5=C3C(=C(C=C5)O)O4)O	InChI=1S/C19H21NO4/c1-2-8-20-9-7-18-15-11-3-4-12(21)16(15)24-17(18)13(22)5-6-19(18,23)14(20)10-11/h2-4,14,17,21,23H,1,5-10H2/t14-,17+,18+,19-/m1/s1	UZHSEJADLWPNLE-GRGSLBFTSA-N	Organic compounds (CHEMONTID:0000000)	Benzenoids (CHEMONTID:0002448)	Phenanthrenes and derivatives (CHEMONTID:0000025)	NA (NA)	NA (NA)	NA (NA)	
draft_22951_00694		C19H21NO3	8.1845	C=CCN1CC[C@]23[C@@H]4[C@H]1CC5=C2C(=C(C=C5)O)O[C@H]3[C@H](C=C4)O	InChI=1S/C19H21NO3/c1-2-8-20-9-7-19-12-4-6-15(22)18(19)23-17-14(21)5-3-11(16(17)19)10-13(12)20/h2-6,12-13,15,18,21-22H,1,7-10H2/t12-,13+,15-,18-,19-/m0/s1	UIQMVEYFGZJHCZ-SSTWWWIQSA-N	Organic compounds (CHEMONTID:0000000)	Alkaloids and derivatives (CHEMONTID:0000279)	Morphinans (CHEMONTID:0000058)	NA (NA)	NA (NA)	NA (NA)	
draft_22951_00740		C14H11N5	8.369	C1=CC=C2C(=C1)C=NN=C2N/N=C\C3=CN=CC=C3	InChI=1S/C14H11N5/c1-2-6-13-12(5-1)10-17-19-14(13)18-16-9-11-4-3-7-15-8-11/h1-10H,(H,18,19)/b16-9-	MIXMAQPSUHDURM-SXGWCWSVSA-N	Organic compounds (CHEMONTID:0000000)	Organoheterocyclic compounds (CHEMONTID:0000002)	Diazanaphthalenes (CHEMONTID:0004788)	Benzodiazines (CHEMONTID:0004789)	Phthalazines (CHEMONTID:0000207)	NA (NA)	
draft_22951_00754		C21H41N5O11	8.388	CN[C@H]1[C@H]([C@@H]2[C@H](C[C@H]([C@H](O2)O[C@@H]3[C@H](C[C@H]([C@@H]([C@H]3O)O)N)N)N)O[C@@H]1O[C@@H]4[C@@H]([C@H]([C@@H]([C@H](O4)CO)N)O)O)O	InChI=1S/C21H41N5O11/c1-26-11-14(30)18-8(33-20(11)37-21-16(32)13(29)10(25)9(4-27)34-21)3-7(24)19(36-18)35-17-6(23)2-5(22)12(28)15(17)31/h5-21,26-32H,2-4,22-25H2,1H3/t5-,6+,7-,8+,9-,10-,11+,12+,13+,14-,15-,16-,17-,18+,19+,20-,21-/m1/s1	XZNUGFQTQHRASN-XQENGBIVSA-N	Organic compounds (CHEMONTID:0000000)	Organic oxygen compounds (CHEMONTID:0004603)	Organooxygen compounds (CHEMONTID:0000323)	Carbohydrates and carbohydrate conjugates (CHEMONTID:0000011)	Aminosaccharides (CHEMONTID:0003305)	Aminoglycosides (CHEMONTID:0000282)	
draft_22951_00755		C18H21NO4	8.394	CN1CC[C@]23[C@@H]4C(=O)CC[C@]2([C@H]1CC5=C3C(=C(C=C5)OC)O4)O	InChI=1S/C18H21NO4/c1-19-8-7-17-14-10-3-4-12(22-2)15(14)23-16(17)11(20)5-6-18(17,21)13(19)9-10/h3-4,13,16,21H,5-9H2,1-2H3/t13-,16+,17+,18-/m1/s1	BRUQQQPBMZOVGD-XFKAJCMBSA-N	Organic compounds (CHEMONTID:0000000)	Benzenoids (CHEMONTID:0002448)	Phenanthrenes and derivatives (CHEMONTID:0000025)	NA (NA)	NA (NA)	NA (NA)	
draft_22951_00756		C15H13NO	8.395	C1[C@H]2C[C@](C3=CC=CC=C23)(C4=C1C=CC=N4)O	InChI=1S/C15H13NO/c17-15-9-11(12-5-1-2-6-13(12)15)8-10-4-3-7-16-14(10)15/h1-7,11,17H,8-9H2/t11-,15-/m0/s1	WGJLOFZRPBOHNV-NHYWBVRUSA-N	Organic compounds (CHEMONTID:0000000)	Organoheterocyclic compounds (CHEMONTID:0000002)	Benzocycloheptapyridines (CHEMONTID:0002351)	NA (NA)	NA (NA)	NA (NA)	
draft_22951_00761		C7H9NO2	8.415	C[C@@H](C(=O)O)N1C=CC=C1	InChI=1S/C7H9NO2/c1-6(7(9)10)8-4-2-3-5-8/h2-6H,1H3,(H,9,10)/t6-/m0/s1	MTHRJNLVFAQKOG-LURJTMIESA-N	Organic compounds (CHEMONTID:0000000)	Organic acids and derivatives (CHEMONTID:0000264)	Carboxylic acids and derivatives (CHEMONTID:0000265)	Amino acids, peptides, and analogues (CHEMONTID:0000013)	Amino acids and derivatives (CHEMONTID:0000347)	Alpha amino acids and derivatives (CHEMONTID:0000060)	
draft_22951_00789		C17H21NO3	8.48	C[C@H]([C@H](C1=CC=C(C=C1)O)O)NCCC2=CC=C(C=C2)O	InChI=1S/C17H21NO3/c1-12(17(21)14-4-8-16(20)9-5-14)18-11-10-13-2-6-15(19)7-3-13/h2-9,12,17-21H,10-11H2,1H3/t12-,17-/m1/s1	IOVGROKTTNBUGK-SJKOYZFVSA-N	Organic compounds (CHEMONTID:0000000)	Benzenoids (CHEMONTID:0002448)	Benzene and substituted derivatives (CHEMONTID:0002279)	Phenethylamines (CHEMONTID:0000186)	NA (NA)	NA (NA)	
draft_22951_00801		C16H19NO4	8.538499999999999	CN1[C@H]2CC[C@@H]1[C@H]([C@H](C2)OC(=O)C3=CC=CC=C3)C(=O)O	InChI=1S/C16H19NO4/c1-17-11-7-8-12(17)14(15(18)19)13(9-11)21-16(20)10-5-3-2-4-6-10/h2-6,11-14H,7-9H2,1H3,(H,18,19)/t11-,12+,13-,14+/m0/s1	GVGYEFKIHJTNQZ-RFQIPJPRSA-N	Organic compounds (CHEMONTID:0000000)	Benzenoids (CHEMONTID:0002448)	Benzene and substituted derivatives (CHEMONTID:0002279)	Benzoic acids and derivatives (CHEMONTID:0000176)	Benzoic acid esters (CHEMONTID:0001350)	NA (NA)	
draft_22951_00835		C21H29NO3	8.675	C1CC[C@]2([C@H]3C(C4=C([C@]2(C1)CCN3CC5CCC5)C=C(C=C4)O)O)O	InChI=1S/C21H29NO3/c23-15-6-7-16-17(12-15)20-8-1-2-9-21(20,25)19(18(16)24)22(11-10-20)13-14-4-3-5-14/h6-7,12,14,18-19,23-25H,1-5,8-11,13H2/t18?,19-,20+,21-/m1/s1	JQPAXQSBFSZIRT-OTYNDTSQSA-N							
draft_22951_00853		C16H18N4	8.744	C/C(=N/N=C(\C1=CC(=CC=C1)N)/C)/C2=CC(=CC=C2)N	InChI=1S/C16H18N4/c1-11(13-5-3-7-15(17)9-13)19-20-12(2)14-6-4-8-16(18)10-14/h3-10H,17-18H2,1-2H3/b19-11-,20-12-	HJVFCULZWSFWSR-YZLQMOBTSA-N	Organic compounds (CHEMONTID:0000000)	Organic nitrogen compounds (CHEMONTID:0004707)	Organonitrogen compounds (CHEMONTID:0000278)	Hydrazines and derivatives (CHEMONTID:0000112)	Azines (CHEMONTID:0002392)	Ketazines (CHEMONTID:0002235)	
draft_22951_00855		C21H27NO4	8.751	C1CC(C1)CN2CC[C@]34[C@@H]5[C@H](CC[C@]3([C@H]2CC6=C4C(=C(C=C6)O)O5)O)O	InChI=1S/C21H27NO4/c23-14-5-4-13-10-16-21(25)7-6-15(24)19-20(21,17(13)18(14)26-19)8-9-22(16)11-12-2-1-3-12/h4-5,12,15-16,19,23-25H,1-3,6-11H2/t15-,16+,19-,20-,21+/m0/s1	NETZHAKZCGBWSS-CEDHKZHLSA-N	Organic compounds (CHEMONTID:0000000)	Benzenoids (CHEMONTID:0002448)	Phenanthrenes and derivatives (CHEMONTID:0000025)	NA (NA)	NA (NA)	NA (NA)	
draft_22951_00868		C17H17NO2	8.8005	CN1CCC2=C3[C@H]1CC4=C(C3=CC=C2)C(=C(C=C4)O)O	InChI=1S/C17H17NO2/c1-18-8-7-10-3-2-4-12-15(10)13(18)9-11-5-6-14(19)17(20)16(11)12/h2-6,13,19-20H,7-9H2,1H3/t13-/m1/s1	VMWNQDUVQKEIOC-CYBMUJFWSA-N	Organic compounds (CHEMONTID:0000000)	Alkaloids and derivatives (CHEMONTID:0000279)	Aporphines (CHEMONTID:0000381)	NA (NA)	NA (NA)	NA (NA)	
draft_22951_00902		C17H19N5O2	8.925999999999998	CC1=NNC(=O)C1CCC(=O)NN=CC2=C(NC3=CC=CC=C32)C	InChI=1S/C17H19N5O2/c1-10-14(13-5-3-4-6-15(13)19-10)9-18-21-16(23)8-7-12-11(2)20-22-17(12)24/h3-6,9,12,19H,7-8H2,1-2H3,(H,21,23)(H,22,24)	QDPWLGIITCNEEQ-UHFFFAOYSA-N	Organic compounds (CHEMONTID:0000000)	Organoheterocyclic compounds (CHEMONTID:0000002)	Indoles and derivatives (CHEMONTID:0000211)	Indoles (CHEMONTID:0002497)	NA (NA)	NA (NA)	
draft_22951_00919		C12H17NO	8.985000000000001	C[C@H]1CC(NC2=C1C=CC=C2O)(C)C	InChI=1S/C12H17NO/c1-8-7-12(2,3)13-11-9(8)5-4-6-10(11)14/h4-6,8,13-14H,7H2,1-3H3/t8-/m0/s1	HMBHFDWNPXCSFW-QMMMGPOBSA-N	Organic compounds (CHEMONTID:0000000)	Organoheterocyclic compounds (CHEMONTID:0000002)	Quinolines and derivatives (CHEMONTID:0001253)	Hydroquinolines (CHEMONTID:0001715)	NA (NA)	NA (NA)	
draft_22951_00937		C11H15NO2	9.032	CCOC(=O)[C@H](CC1=CC=CC=C1)N	InChI=1S/C11H15NO2/c1-2-14-11(13)10(12)8-9-6-4-3-5-7-9/h3-7,10H,2,8,12H2,1H3/t10-/m0/s1	CJGXMNONHNZEQQ-JTQLQIEISA-N	Organic compounds (CHEMONTID:0000000)	Organic acids and derivatives (CHEMONTID:0000264)	Carboxylic acids and derivatives (CHEMONTID:0000265)	Amino acids, peptides, and analogues (CHEMONTID:0000013)	Amino acids and derivatives (CHEMONTID:0000347)	Alpha amino acids and derivatives (CHEMONTID:0000060)	
draft_22951_00954		C16H20N4O3	9.097	C1CCC(CC1)N2C(=O)[C@@H](NC2=O)CC(=O)NC3=CN=CC=C3	InChI=1S/C16H20N4O3/c21-14(18-11-5-4-8-17-10-11)9-13-15(22)20(16(23)19-13)12-6-2-1-3-7-12/h4-5,8,10,12-13H,1-3,6-7,9H2,(H,18,21)(H,19,23)/t13-/m0/s1	LOCJAYSIXYAAGN-ZDUSSCGKSA-N							
